community_id,lat,long,icon,map_priority_level_id,map_display_name,map_display_name_script
1140,39.0792,113.5647,Mountain,1,Wutai Shan,རི་བོ་རྩེ་ལྔ།
12,32.13334,98.85,,1,Dzogchen,རྫོགས་ཆེན།
35,29.1275302,88.9925362,,1,Zhalu,ཞྭ་ལུ།
39,29.26886,88.86982,,1,Tashilhunpo,བཀྲ་ཤིས་ལྷུན་པོ།
40,36.49005,101.56717,,1,Kumbum,སྐུ་འབུམ།
41,35.19405,102.50509,,1,Labrang,བླ་བྲང་།
95,29.72759,90.57773,,1,Tsurpu,མཚུར་ཕུ།
137,30,100.26667,,1,Litang,ལི་ཐང།
165,29.32651,91.5024,,1,Samye,བསམ་ཡས།
206,32.347915,101.176175,,1,Dzamtang,ཛམ་ཐང་།
207,31.80562234,98.58336378,,1,Gonchen ,དགོན་ཆེན།
244,29.446108,89.537805,,1,Menri,སྨན་རི།
273,34.07167,77.63281,,1,Shey,ཤེལ་དཀར་ཕོ་བྲང་།
352,31.483,79.798,,1,Toling,མཐོ་ལྡིང་།
374,35.508347,102.011267,,1,Rongwo,རོང་བོ།
527,32.136742,100.464239,,1,Larung Gar,བླ་རུང་སྒར།
566,39.94593,116.41104,,1,Yonghegong,དགའ་ལྡན་བྱིན་ཆགས་གླིང་།
603,28.902856,88.01731,,1,Sakya,ས་སྐྱ།
905,29.657925,91.117313,,1,Potala,པོ་ཏ་ལ།
1102,34.223707,77.175222,,1,Alchi Chokhor,ཨ་ལྕི།
1158,24.695102,84.991275,,1,Bodhgaya,རྡོ་རྗེ་གདན།
1280,47.92165,106.8938,,1,Ganden,དགའ་ལྡན།
9,31.31398,98.9414,,2,Katok,ཀཿ་ཐོག།
10,29.18413,91.40525,,2,Mindroling,སྨིན་གྲོལ་གླིང་།
11,29.32779,91.10756,,2,Dorje Drak,རྡོ་རྗེ་བྲག།
13,32.2663743,98.8857244,,2,Shechen,ཞེ་ཆེན།
14,31.2157,98.82179,,2,Pelyul,དཔལ་ཡུལ།
15,28.179,90.828,,2,Sekhar Gutok,སྲས་མཁར་དགུ་ཐོག།
32,29.1191914,88.8254028,,2,Ngor,ངོར།
36,29.75867,91.47614,,2,Ganden,དགའ་ལྡན།
37,29.69781,91.13272,,2,Sera,སེ་ར།
38,29.67677,91.04694,,2,Drepung,འབྲས་སྤུངས།
62,29.194314,88.7622636,,2,Nartang,སྣར་ཐང་།
63,29.1182847,92.8016965,,2,Daklha Gampo,དྭགས་ལྷ་སྒམ་པོ།
64,29.3003585,91.9720082,,2,Densatil,གདན་ས་མཐིལ།
68,29.63984,91.22002,,2,Tsel Gungtang,ཚལ་གུང་ཐང་།
82,30.1065934,92.2039065,,2,Drigung Til,འབྲི་གུང་མཐིལ།
85,29.43349,91.00433,,2,Shukseb,ཤུག་གསེབ།
87,28.832443,90.096072,,2,Ralung,རྭ་ལུང་།
90,29.35,88,,2,Jonang,ཇོ་ནང་།
91,29.54832,91.08624,,2,Sangpu Neutok,གསང་ཕུ་ནེའུ་ཐོག།
102,28.93333,89.6,,2,Pelkhor Chode,དཔལ་འཁོར་ཆོས་སྡེ།
156,36.75913,102.17999,,2,Gonlung,དགོན་ལུང།
172,27.714962,85.290337,,2,Swayambhunath,འཕགས་པ་ཤིང་ཀུན།
173,27.721485,85.361975,,2,Boudhanath,བྱ་རུང་ཁ་ཤོར།
178,33.26429,96.972114,,2,Tarlam,ཐར་ལམ།
180,31.64298,98.96288,,2,Dzongsar,རྫོང་སར།
181,32.48333,98.01667,,2,Longtang Dolma,ཀློང་ཐང་སྒྲོལ་མ།
215,31.827603,96.913696,,2,Karma Gon,ཀརྨ་དགོན།
327,30.3106113,91.5134729,,2,Reting,རྭ་སྒྲེང་།
333,29.3,87.23333,,2,Ngamring Chode ,ངམ་རིང་ཆོས་སྡེ།
354,34.59525,103.50381,,2,Chone,ཅོ་ནེ།
358,36.14838,101.876924,,2,Jakhyung,བྱ་ཁྱུང་།
367,32.63323,103.10249,,2,Muge Tashikhorlo ,དམུ་དགེ་བཀྲ་ཤིས་འཁོར་ལོ།
368,33.00094,101.60638,,2,Gomang,སྒོ་མང་།
369,27.86356,99.70452,,2,Gyeltang,རྒྱལ་ཐང་།
371,27.580195,90.774878,,2,Petseling,པད་ཚལ་གླིང་།
422,33.2248,98.0686,,2,Gemang,དགེ་མང་།
448,28.75,100.21667,,2,Drango,བྲག་མགོ་དགོན།
468,34.689193,100.655994,,2,Ragya,རྭ་རྒྱ།
472,31.64865,98.79584,,2,Pelpung,དཔལ་སྤུངས།
484,32.91434,101.69242,,2,Kirti,ཀིརྟི།
512,33.00972,97.0175,,2,Jyegu Dondrub Ling,སྐྱེ་དགུ་དོན་གྲུབ་གླིང་།
561,28.13333,87.11667,,2,Shelkar Chode,ཤེལ་དཀར་ཆོས་སྡེ།
809,28.93333,99.8,,2,Chatreng,ཆ་ཕྲེང་།
915,29.65385,91.12755,,2,Mentsikhang,སྨན་རྩིས་ཁང་།
947,47.92638333,106.9171667,,2,Ikh Khuree,ད་ཁུ་རེ་དགོན།
1055,59.983473,30.255957,,2,Datsan Gunzechoinei,
1065,25.136667,85.443889,,2,Nālandā,ནཱ་ལེནྡྲ།
1103,34.293158,77.215105,,2,Likir,ཀླུ་འཁྱིལ།
1190,44.597384,110.273608,,2,Khamarin Khiid,
1192,49.48,105.085,,2,Amarbayasgalant,
1204,47.201711,102.843129,,2,Erdene Zuu,ཨེ་རྟེ་ནི་ཇོ་བོ་།
1266,30.845815,77.149371,,2,Menri,སྨན་རི།
1287,27.5855,91.8572,,2,Tawang,རྟ་དབང་།
1477,14.991397,75.003104,,2,Ganden,དགའ་ལྡན།
1344,31.84806,99.11385,Lake,3,Yilhung Lhatso,ཡིད་ལྷུང་ལྷ་མཚོ།
1402,30.3825849,90.5756306,Mountain,3,Nyenchen Tanglha,གཉན་ཆེན་ཐང་ལྷ།
1607,30.009722,122.385,Mountain,3,Putou Shan,
43,31.1818,99.5444,,3,Adzom Gar,ཨ་འཛོམ་སྒར།
80,30.15745,91.22882,,3,Taklung,སྟག་ལུང་།
115,29.192265,86.616103,,3,Chung Riwoche ,ཅུང་རི་བོ་ཆེ།
128,29.864699,91.172857,,3,Nalendra,ན་ལེན་དྲ།
185,29.28333,89.21667,,3,Wensa,དབེན་ས།
190,29.65594,91.13431,,3,Gyume,རྒྱུད་སྨད།
216,29.97411,90.9776,,3,Gyel Lhakhang,རྒྱལ་ལྷ་ཁང།
232,33.912676,77.702969,,3,Hemis,ཧེ་མི་དགོན།
237,31.14336,97.17725,,3,Chamdo,ཆབ་མདོ།
294,29.71033,91.14913,,3,Purbuchok,ཕུར་བུ་ལྕོག།
305,29.53252,90.91482,,3,Rato,རྭ་སྟོད།
340,36.85,102.05,,3,Chubzang,ཆུ་བཟང་།
415,27.491918,89.565602,,3,Pajoding ,ཕ་ཇོ་སྡིངས།
672,29.193858,91.77224,,3,Trandruk,ཁྲ་འབྲུག།
716,35.5027238,99.7997552,,3,Drakkar Treldzong,བྲག་དཀར་སྤྲེལ་རྫོང་།
718,32.73787,102.04771,,3,Amchok Tsenyi,ཨ་མཆོག་མཚན་ཉིད་དགོན།
822,30.1536146,92.1665408,,3,Terdrom,གཏེར་སྒྲོམ་དགོན།
823,29.68767,90.95043,,3,Gadong,དགའ་གདོང་།
862,29.73638,91.27963,,3,Drak Yerpa,བྲག་ཡེར་པ།
878,29.6604,91.117799,,3,Lukhang,Lཨུཁང།
906,29.65431,91.09005,,3,Norbulingka,ནོར་བུ་གླིང་ཁ།
951,29.37653,91.55079,,3,Chimpu,མཆིམས་ཕུ།
989,31.46547,99.16122,,3,Dzongsho,རྫོང་ཤོད།
1283,34.055931,77.666616,,3,Tikse,ཁྲིག་ཙེ།
1324,29.214911,92.105744,,3,Lelung,སླེ་ལུང་།
1331,25.198,85.518,,3,Otantapurī,ཨོ་ཏན་ཏ་པཱུ་རི།
1332,27.61640895,85.26406047,,3,Yanglesho,ཡང་ལེ་ཤོད།
1336,29.33975,89.3291,,3,Pungpo Riwoche,གཙང་གི་ཕུང་པོ་རི་བོ་ཆེ།
1337,32.08333,98.4,,3,Khardo Monastery,མཁར་མདོ་དགོན།
1338,32.56698,96.15549,,3,Kyodrak Monastery,སྐྱོ་བྲག་དགོན།
1339,31.85,98.45,,3,Lhadrang Monastery,སྡེ་དགེ་ལྷ་འབྲང་དགོན།
1340,31.0238715,85.1739286,,3,Mendong Monastery,སྨན་སྡོང་དགོན།
1341,32.48333,98.01667,,3,Namgyel Ling,རྣམ་རྒྱལ་གླིང་དགོན།
1342,29.2,100.11667,,3,Pangpuk,སྤང་ཕུག་དགོན།
1343,29.47016,91.50906,,3,Yamalung,གཡའ་མ་ལུང་།
1345,29.13808,91.81697,,3,Yumbu Lagang,ཡུམ་བུ་བླ་སྒང།
1346,31.70718,98.9831,,3,Sengge Yumtso,སེང་གེ་གཡུ་མཚོ།
1347,29.32245,90.82569,,3,Sinpo Ri Lhakhang,སྲིན་པོ་རི་ལྷ་ཁང།
1349,31.80591,98.58243,,3,Tashi Podrang,བཀྲ་ཤིས་ཕོ་བྲང།
1350,28.27851,90.73196,,3,Pemaling Lake,སྒྲུབ་མཚོ་པདམ་གླིང།
1351,29.16005,91.74668,,3,Gontang Bumpa,དགོན་ཐང་འབུམ་པ།
1353,27.304448,88.253807,,3,Pemayangtse,པདམ་ཡང་རྩེ།
1354,27.315729,88.60474,,3,Namgyal Institute of Tibetology,རྣམ་རྒྱལ་བོད་ཀྱི་ཤེས་རིག་ཉམས་ཞིབ་ཁང།
1355,25.3255,87.2847,,3,Vikramaśīla,བིཀྲམ་ལ་ཤཱི་ལ།
1356,29.368598,91.502651,,3,Drakmar Drinzang,བྲག་དམར་མགྲིན་བཟང།
1361,32,99.48333,,3,Shardza Hermitage,ཤར་རྫ་རི་ཁྲོད།
1362,32.78402,103.9057,,3,Rinpung Monastery,རིན་སྤུངས་དགོན།
1365,33.42878,103.36401,,3,Dachen,མདའ་ཆེན་དགོན།
1368,32.8135,103.64088,,3,Nateng,སྣ་སྟེང་དགོན།
1370,27.065915,88.472403,,3,ITBCI,ཨཱིཊBCཨཱི།
1373,29.2289,91.33956,,3,Dranang Jampa Ling,གྲ་ནང་བྱམས་པ་གླིང།
1374,27.040737,88.257913,,3,St. Joseph's School,
1380,33.1364361,98.1365361,,3,Kilung,ཀི་ལུང།
1391,29.7,88.7,,3,Ngonga Choding,མངོན་དགའ་ཆོས་སྡིང་།
1392,33.31504,95.19575,,3,Tashi Lhapuk,བཀྲ་ཤིས་ལྷ་ཕུག།
1393,30.828334,96.691721,,3,Chamdo Dolma Lhakhang,ཆབ་མདོ་སྒྲོལ་མ་ལྷ་ཁང།
1394,32.0895381,78.2125954,,3,Dangkhar,བྲག་མཁར།
1395,55.289916,-3.1876593,,3,Samye Ling,བསམ་ཡས་གླིང།
1396,27.7025,88.146667,,3,Kanchendzonga,གང་ཆེན་མཛོད་ལྔ།
1397,-7.608,110.204,,3,Borobudur,
1398,34.005278,77.820278,,3,Daktok,བྲག་ཐོག།
1399,29.763012,91.65875,,3,Gyama Rinchen Gang,རྒྱ་མ་རིན་ཆེན་སྒང།
1400,28.96667,89.18333,,3,Riwo Dangchen,རི་བོ་མདངས་ཅན།
1403,31.65,100.16666,,3,Ridak,རི་བྲག།
1404,32.029651,98.683675,,3,Galenteng,སྒ་ལེན་སྟེང།
1405,33.999298,77.630965,,3,Matho,མང་སྤྲོ་དགོན་པ།
1406,34.1255,77.5263,,3,Spituk,དཔེ་ཐུབ་དགའ་ལྡན་དར་རྒྱས་གླིང་དགོན་པ།
1407,34.07301,77.54865,,3,Stok Royal Palace,
1408,34.6316817,77.625252,,3,Samstanling,སམ་བསྟན་གླིང་དགོན་པ།
1409,29.6750704,91.0472662,,3,Petub Khamsten,དཔེ་ཐུབ་ཁམས་ཚན།
1410,25.381421,83.023027,,3,Mulagandhakuti Vihara,
1411,34.106243,77.601904,,3,Central Institute of Buddhist Studies,དབུ་གཞུང་ནང་པའི་རིག་གནས་གཙུག་ལག་སློབ་གཉེར།
1412,47.920878,106.900769,,3,Pethub Stangey Choskhorling,དཔེ་ཐུབ་བསྟན་རྒྱས་ཆོས་འཁོར་གླིང་དགོན་པ།
1413,51.75843,107.20308,,3,Ivolginsky Datsan,དགའ་ལྡན་བརྐྲ་ཤིས་ཆོས་འཁོར།
1414,32.2977,78.012,,3,Key,སྐྱིད།
1415,31.693798,99.701493,,3,Bengen,བན་རྒན་དགོན།
1416,26.967033,88.274458,,3,Sonada,བསམ་གྲུབ་དར་རྒྱས་ཆོས་གླིང།
1417,34.541111,77.560278,,3,Diskit,བདེ་སྐྱིད།
1418,34.673927,77.555113,,3,Charasa,ལཆགས་ར་ས།
1419,34.775181,77.514915,,3,Ensa,དབེན་ས།
1421,33.519261,76.988219,,3,Stongdey,སྟོང་སྡེའི་དགོན་པ་དགའ་ལྡན་ལེགས་བཤད་གླིང།
1422,33.266249,77.182895,,3,Phugtal,ཕུག་དལ་དགོན།
1423,33.532911,76.905081,,3,Karsha,དཀར་ཤ་དགོན་པ།
1426,34.09412,102.63303,,3,Kirti,ཀིརྟི།
1428,36.116817,101.747344,,3,Achung Namdzong,ཨ་ཆུང་གནམ་རྫོང།
1429,29.46667,101.53333,,3,Gangkar Monastery,གངས་དཀར་སྒྲུབ་སྡེ།
1430,31.55556,99.10727,,3,Dagam Wangpuk,ཟླ་གམ་དབང་ཕུག།
1431,31.23333,101.51667,,3,Mahā Kyilung,མ་ཧཱ་སྐྱིད་ལུང།
1432,31.86911,102.46491,,3,Gyelrong Kachok,རྒྱལ་རོང་ཁཿ་མཆོག་དགོན།
1435,30.61667,101.4,,3,Lautang,ལའུ་ཐང།
1442,40.014237,-105.2692512,,3,Naropa University,
1443,46.8683584,-60.7521892,,3,Gampo Abbey,
1445,44.30415729,-72.06970231,,3,Karmé Chöling,
1447,40.0197518,-105.2781,,3,Boulder Shambhala Center,
1448,40.7353776,-105.5419823,,3,Shambhala Mountain Center,
1452,49.2176714,-122.9933815,,3,Kagyu Kunchab Chiling,
1453,48.73648731,-123.5052846,,3,Kunzang Dechen Osel Ling,ཀུན་བཟང་བདེ་ཆེན་འོད་གསལ་གླིང།
1454,40.7824583,-73.975223,,3,Kagyu Dzamling Kunchab,
1455,37.7728981,-122.4494078,,3,Kagyu Droden Kunchab,
1456,20.914748,-156.379111,,3,Karma Rimay O Sal Ling,
1457,45.5539912,-122.6116186,,3,Kagyu Changchub Choling,
1458,35.6354784,-106.0411725,,3,Kagyu Shenpen Kunchab,
1459,48.8288714,2.4149748,,3,Kagyu Dzong,
1460,46.7554572,4.1397283,,3,Kagyu Ling,ཌཤང་Kཨགྱུ་Lཨིང།
1461,41.6105047,-73.9397941,,3,Kagyu Thubten Chöling,
1462,32.0520169,76.69007,,3,Sherabling,ཤེས་རབ་གླིང།
1463,31.638161,98.492678,,3,Sengchen Namdrak,སེང་ཆེན་གནམ་བྲག།
1464,31.722109,98.911893,,3,Gagu Hermitage,གྭ་གུ་རི་ཁྲོད།
1465,29.3810174,91.5531475,,3,Drakmar Keutsang,བྲག་དམར་ཀེའུ་ཚང།
1466,31.835,98.53703,,3,Drinyendong,འབྲི་གཉན་གདོང།
1467,31.627639,98.539054,,3,Sengchen Namdrak Monastery,སེང་ཆེན་གནམ་བྲག་དགོན།
1468,31.653735,98.601086,,3,Tsarashab Hermitage,རྩྭ་ར་ཞབས།
1470,30.462202,78.067923,,3,Birla House,སྦིར་ལ་ཧའོ་སི།
1471,32.2436354,76.31521,,3,Chopra House,ཅོབ་ར་ཧའོ་སི།
1472,15.028783,75.005238,,3,Drepung,འབྲས་སྤུངས།
1473,26.7547,89.578727,,3,Buxa Chogar,ཐོས་བསམ་ཐར་འདོད་གླིང།
1474,14.992605,75.004226,,3,Tripa House,དགའ་ལྡ་ཁྲི་ཐོག་ཁང།
1475,24.697224,84.990044,,3,Ganden Pelgye Ling,དགའ་ལྡན་འཕེལ་རྒྱས་གླིང།
1476,47.43655,8.802695,,3,Chokhor Ling ,ཆོས་འཁོར་གླིང།
1479,40.761388,-75.037401,,3,Labsum Shedrub Ling,བསླབ་གསུམ་བཤད་སྒྲུབ་གླིང།
1481,28.28333,98.9,,3,Ngopu Yangchen Puntsok Ling,སྔོ་ཕུ་ཡང་ཅན་ཕུན་ཚོགས་གླིང།
1482,28.26667,99.2,,3,Bomrak Ganden Dondrub Ling,སྦོམ་རག་དགའ་ལྡན་དོན་གྲུབ་གླིང།
1487,32.157,102.2032,,3,Datsang,ད་ཚང་དགོན།
1488,32.84673,97.14666,,3,Damtok,འདམ་ཐོག་དགོན།
1491,32.33333,98.36667,,3,Guzi,འགུ་ཟི་དགོན།
1492,29.95,87.61667,,3,Takmo Lingkha,སྟག་མོ་གླིང་ཁ།
1493,29.65,89.06667,,3,Baradrak Dondrubling,འབའ་ར་བྲག་དོན་གྲུབ་གླིང།
1494,27.469397,83.275519,,3,Lumbini,
1498,33.27071,97.04208,,3,Tubten,ཐུབ་བསྟན་དགོན།
1499,33.27071,97.04208,,3,Dzonggo,རྫོང་མགོ་དགོན།
1506,45.1502,5.42,,3,Karma Migyur Ling,ཀརྨ་མི་འགྱུར་གླིང།
1507,44.99923432,1.061962276,,3,Dhagpo Kagyu Ling,དྭགས་པོ་བཀའ་བརྒྱུད་གླིང།
1508,55.72257115,12.57520206,,3,Buddhistisk Center København,
1509,42.07158564,-74.120812,,3,Karma Triyana Dharmachakra,
1510,32.07525167,76.62578133,,3,Khampa Gar (Tashi Jong),ཁམས་པ་སྒར།
1511,32.2324,76.0707,,3,Karma Drubgyu Thargay Ling,ཀརྨ་གྲུབ་བརྒྱུད་དར་རྒྱས་གླིང།
1512,34.09655319,77.60197902,,3,Karma Drupgyud Choeling,ཀརྨ་གྲུབ་བརྒྱུད་ཆོས་གླིང།
1513,27.7151461,85.2907484,,3,Shri Karma Raja Mahavihara,འཕགས་ཞིང་ཞྭ་དམར་དགོན་པ།
1516,32.15487,95.85791,,3,Lhalam,ལྷ་ལམ་དགོན།
1517,32.034287,95.79837,,3,Lachab,བླ་ཁྱབ།
1518,28.53504,92.8856,,3,Sang-ngak Choling,གསང་སྔགས་ཆོས་གླིང།
1522,35.19405,102.50509,,3,Gyuto Dratsang,རྒྱུད་སྟོད་གྲྭ་ཚང་གསང་ཆེན་རྡོ་རྗེ་གླིང།
1523,35.19405,102.50509,,3,Gyume Dratsang,བླ་བྲང་རྒྱུད་སྨད་གྲྭ་ཚང།
1524,27.0074104,88.2464516,,3,Ghum Yiga Choeling,ཡིད་དག་ཆོས་གླིང།
1526,27.3666733,88.2300106,,3,Dubdi,སྒྲུབ་སྡེ་གསང་སྔག་རྡོ་རྗེ་གདན།
1527,27.29705,88.21939,,3,Sangngak Choling,གསང་སྔགས་ཆོས་གླིང།
1528,27.2929894,88.3492435,,3,Doling,རྡོ་གླིང་དགོན།
1529,27.3257701,88.3260082,,3,Raong,ར་ལངས་ཀརྨ་རབ་བརྟན་གླིང།
1530,32.239289,76.3250879,,3,Men-tsee-khang,སྨན་རྩིས་ཁང་། རྡ་རམ་ས་ལ།
1534,32.16336,95.62048,,3,Tsangsar Namgon,གཙང་སར་རྣམ་མགོན།
1535,31.992329,95.954874,,3,Gechak Monastery,གད་ཆགས་དགོན།
1536,32.062839,95.948496,,3,Dzonggo Ling,རྫོང་མགོ་གླིང།
1538,27.718043,85.27668,,3,Tergar Ösel Ling,གཏེར་གར་འོད་གསལ་གླིང།
1539,27.675333,85.324667,,3,Hiranyavarna Mahavihar Gompa,
1541,29.7277353,90.573371,,3,Pema Khyung Dzong,
1542,27.71107005,85.28913201,,3,Benchen,བན་ཆེན་དགོན།
1543,32.22551697,76.3235461,,3,Central Tibetan Administration,བཙན་བྱོལ་བོད་མིའི་སྒྲིག་འཛུགས།
1544,28.5887139,84.639508,,3,Pema Choling,པདམ་ཆོས་གླིང།
1546,28.36652283,85.38243636,,3,Drapu Choling,གྲྭ་ཕུ་ཆོས་གླིང།
1548,32.2354418,76.32685186,,3,Tashi Choling,བཀྲ་ཤིས་ཆོས་གླིང།
1549,27.42853037,88.91743863,,3,Kagyu Gonsar,བཀའ་བརྒྱུད་དགོན་གསར།
1552,27.60592556,88.64577615,,3,Chungtang,
1556,30.31667,101.56667,,3,Drakkar,དྲག་དཀར།
1559,29.24086,91.78281,,3,Ganden Chokhor Ling,དགའ་ལྡན་ཆོས་འཁོར་གླིང།
1560,29.69414,91.05216,,3,Lhalung Ritro,ལྷ་ལུང་རི་ཁྲོད།
1561,29.6505178,91.130693,,3,Dakpo Drumpa,བྷྲུཾ་པ།
1570,33.266298,100.650865,,3,Dogyu Tosam Ling,མདོ་རྒྱུད་ཐོས་བསམ་གླིང།
1572,47.68919,-122.35825,,3,"Sakya Monastery, Seattle",
1573,27.72324,85.36391,,3,Tharlam,ཐར་ལམ།
1575,34.27671,77.11083,,3,Rizong,རི་རྫོང་དགོན་པ།
1576,32.3,79.42,,3,Tashigang,བཀྲ་ཤིས་སྒང།
1578,33.265666,97.138201,,3,Labu,ལ་བུ།
1579,37.03444,98.65384,,3,Terlam,གཏེར་ལམ།
1585,12.4167292,75.9524895,,3,Sera,སེ་ར།
1586,12.426704,75.985666,,3,Tashi Lhunpo,བཀྲ་ཤིས་ལྷུན་པོ།
1587,34.0050394,77.6850079,,3,Stakna,སྟག་སྣ་དགོན།
1588,33.3993843,76.9170509,,3,Bardan,འབར་གདན་དགོན་པ།
1591,27.7214185,85.3616598,,3,Jamchen Lhakhang,བྱམས་ཆེན་ལྷ་ཁང།
1597,31.8067885,98.5787642,,3,Tangtong Gyelpo Lhakhang,ཐང་སྟོང་རྒྱལ་པོ་ལྷ་ཁང།
1598,31.806864,98.579268,,3,Shukden Lhakhang,གཤུགས་ལྡན་ལྷ་ཁང།
1604,32.2613,96.229,,3,Beru Lachen,བེ་རུ་བླ་ཆེན།
1605,33.1518,96.4439,,3,Gar Gon,གར་དགོན།
1608,31.63637,99.98407,,3,Kandze Shedrub Norbu Ling,དཀར་མཛེས་བཤད་སྒྲུབ་ནོར་བུ་གླིང།
1609,30.242778,120.096667,,3,Lingyin Temple,
1610,29.938,91.4626,,3,Yarlung Tashi Chode,ཡར་ཀླུང་བཀྲ་ཤིས་ཆོས་སྡེ།
1611,30.379925,78.087988,,3,Sakya Centre,རྩེ་ཆེན་བསྟན་འཕེལ་དགའ་ཚལ་བཤད་སྒྲུབ་ཆོས་།
1613,43.80213,3.23687,,3,Lerab Ling,ལས་རབ་གླིང།
1615,11.8707,77.23953,,3,Dzogchen,
1617,29.12006,88.826708,,3,Tartse Labrang,ཐར་རྩེ་བླ་བྲང།
1619,29.1186273,88.8256996,,3,Khangsar Labrang,ཁང་གསར་བླ་བྲང།
1620,29.1189812,88.8247631,,3,Luding Labrang,ཀླུ་སྡིངས་བླ་བྲང།
1624,36.6,102.2059,,3,Yutsa,གཡུ་ཚ་དགོན།
1627,33.4028,96.4152,,3,Pangshar,སྤན་ཤར་།
1630,31.6,99.96667,,3,Dontok,གདོང་ཐོག།
1631,32.93819,101.59311,,3,Dhīpu,དྷཱི་ཕུ་དགོན།
1632,31.93333,99.21667,,3,Yakdze,གཡག་ཟེ་དགོན།
1634,32.35,99.01667,,3,Tenpel,བསྟན་འཕེལ།
1636,33.01667,98.15,,3,Bumsar,འབུམ་གསར།
1637,37.050042,-121.810517,,3,Pema Osel Ling,
1638,42.1822134,-122.6762977,,3,Chagdud Dechen Ling,
1640,38.51611279,-123.1577726,,3,Ati Ling,ཨ་ཐིས་དགོན།
1641,40.73244439,-123.0664955,,3,Rigdzin Ling,རིག་འཛིན་གླིང།
1649,31.31667,100.23333,,3,Pelri,དཔལ་རི་དགོན།
1653,27.6657295,85.2913616,,3,Chobar,
1656,39.08181527,-77.37951042,,3,Kunzang Odsal Palyul Changchub Choling ,ཀུན་བཟང་འོད་གསལ་དཔལ་ཡུལ་བྱང་ཆུབ་ཆོས་གླིང།
1657,42.51568233,-75.79146197,,3,Palyul Retreat Center,
1658,32.02686834,77.13985601,,3,Dakpo Shedrubling,དྭགས་པོ་བཤད་སྒྲུབ་གླིང།
1659,15.0286195,75.0031857,,3,Drepung Gomang India,འབྲས་སྤུངས་སྒོ་མང་གྲྭ་ཚང།
1660,32.88966,101.72959,,3,Se Monastery,བསེ་དགོན།
1661,31.1050388,77.1979296,,3,Takten Puntsok Choling,རྟག་བརྟན་ཕུན་ཚོགས་ཆོས་གླིང།
1662,33.90766,76.829332,,3,Lingshed,ལིང་ཤེད།
1664,37.8763185,-122.2568344,,3,Nyingma Institute,
1665,40.7381318,-73.9939507,,3,Yeshe Nyingpo,
1666,34.7827308,-112.294823,,3,Garchen Buddhist Institute,
1667,42.41273865,-74.04110884,,3,Orgyen Chö Dzong,
1668,40.75831476,-74.25707023,,3,Tibet Center,
1670,37.2034983,-122.1174708,,3,Vajrapani Institute,
1673,30.33333,99.35,,3,Jangkar Monastery,བྱང་དཀར་དགོན།
1676,30.78333,101.75,,3,Nego Monastery,གནས་འགོ་དགོན།
1678,32.23270139,76.32437118,,3,Tekchen Choling Tsuklagkhang,ཐེག་ཆེན་ཆོས་གླིང་གཙུག་ལག་ཁང།
1679,47.92756405,106.9207354,,3,Dashchoilin Khiid,བཀྲ་ཤིས་ཆོས་འཁོར་གླིང།
1681,46.288137,44.223989,,3,Geden Sheddup Choikorling,དགའ་ལྡན་བཤད་སྒྲུབ་ཆོས་འཁོར་གླིང།
1682,51.78455977,107.6099328,,3,Green Tara Center,
1683,55.77942441,37.67597452,,3,Moscow Buddhist Center Lama Tsongkhapa,
1685,27.7163106,88.5584527,,3,Lachen Monastery,ལ་ཆེན་དགོན།
1686,27.8980611,88.5369794,,3,Thangu Monastery,ཐང་སྒོ།
1687,31.70842,98.575296,,3,Changra Palace,ལྕང་ར་ཕོ་བྲང།
1688,40.722194,-73.993484,,3,John Giorno Foundation,
1689,37.92223009,-105.6382604,,3,Tashi Gomang,བཀྲ་ཤིས་སྒོ་མང།
1690,40.73982021,-73.99374337,,3,Tibet House,ཨ་རི་བོད་ཁང།
1691,42.96298904,-89.3522928,,3,Deer Park Buddhist Center,
1692,27.18603408,88.67760977,,3,Rinak,རི་ནག།
1694,28.22099,89.716454,,3,Drumpa Monastery,གྲུམ་པ་དགོན།
1695,27.3286872,88.5861678,,3,Kagyu Tsekchok Ling,བཀའ་བརྒྱུད་ཚེ་མཆོག་གླིང།
1696,27.29897,88.627532,,3,Papyuk,སྤ་པཡཧུག།
1698,31.91844,102.10675,,3,Namgyelteng,རྣམ་རྒྱལ་སྟེང།
1700,39.12328487,-86.48634237,,3,Tibetan Mongolian Buddhist Cultural Center,
1701,32.45445,96.03696,,3,Dilyak,དིལ་ཡག།
1703,36.13045,98.38606,,3,Aten Tsamkhang,ཨ་བརྟན་མཚམས་ཁང།
1705,29.83333,99.81667,,3,Kolri,ཁོལ་རི།
1707,25.3649618,83.0210108,,3,CIHTS,
1708,31.86974,102.29194,,3,Tsakho,ཚ་ཁོ།
1709,29.91667,89.48333,,3,Zablung,ཟབ་ལུང།
1711,35.509293,99.800546,,3,Drakkar Treldzong,བྲག་དཀར་སྤྲེལ་རྫོང།
1713,32.76,100.8,,3,Tashi Gomang,བཀྲ་ཤིས་སྒོ་མང།
1714,27.03852,88.46143,,3,Durpin Monastery,
1715,27.0117768,88.2503428,,3,Ghoom Monastery,ཡིད་དགའ་ཆོས་གླིང།
1716,19.2583605,84.2683417,,3,Dundul Rabtenling,བདུད་འདུལ་རབ་བརྟན་གླིང།
1717,31.633,76.8325975,,3,Tso Pema Orgyen Heruka Nyingmapa Gompa,མཚོ་པདྨ་ཨོ་རྒྱན་ཧེ་རུ་ཀ་རྙིང་མ་པ་དགོན་པ།
1718,27.719875,85.3587013,,3,Dudjom Gonpa  ,ཨོ་རྒྱན་མདོ་སྔགས་ཆོས་འཁོར་གླིང།
1719,42.0513541,-122.6274705,,3,Tashi Choling,
1720,45.0004687,1.0670669,,3,Urgyen Samyé Chöling ,
1722,27.0749841,88.4761992,,3,Jangsa Gompa,བྱང་ས་དགོན་པ།
1724,29.45,86.6,,3,Zangzang Lhadrak,ཟང་ཟང་ལྷ་བྲག།
1725,42.6094,-72.88362,,3,Mahasiddha Nyingmapa Center,
1726,32.81,100.28,,3,Kharnang Gongma,མཁར་ནང་གོང་མ།
1727,32.23247,76.32441,,3,Namgyel (Dharamsala),རྣམ་རྒྱལ།
1728,3.1259454,101.750407,,3,Nyingma Kathok Buddhist Center,
1730,27.63253,85.26718,,3,Dudjom Namdrol Choling,
1731,27.726,85.3684,,3,Zhichen Bairo Ling,
1733,47.67857,-117.42862,,3,"Tsinta Mani Choling, Spokane",
1734,25.75063,-80.23306,,3,Katog Tingdzin Ling,
1736,48.0770872,-117.1421115,,3,Sravasti Abby,
1737,37.7657906,-122.2462643,,3,Orgyen Dorje Den,
1738,30.3061955,-97.7259843,,3,Palri Pema Od Ling,
1739,49.288562,-124.4599712,,3,Kathok Center,
1742,1.3125166,103.8734065,,3,Yeshe Khorlo Buddhist Society Singapore,
1743,31.03333,99.56667,,3,Dokho Monastery,རྡོ་ཁོ་དགོན།
1744,42.506265,-72.7066957,,3,Tsegyalgar East,
1118,28.6547,86.8958,Mountain,4,Tsibri,ཤྲི་རི།
92,29.5458,90.95469,,4,Nyetang Dolma Lhakang,སྙེ་ཐང་སྒྲོལ་མ་ལྷ་ཁང།
130,28.88721,91.90896,,4,Yabzang,གཡའ་བཟང་།
140,29.28667,91.83596,,4,Ngari Dratsang,མངའ་རིས་གྲྭ་ཚང་།
174,32.35128,97.25192,,4,Zurmang Dutsitil,ཟུར་མང་བདུད་རྩི་མཐིལ།
212,36.22274,101.68427,,4,Old Ditsa,དྷི་ཚ།
253,28.9683,91.66075,,4,Pelri Tekchen Ling ,དཔལ་རི་ཐེག་ཆེན་གླིང།
344,29.25,88.85,,4,Shartse Dratsang,ཤར་རྩེ་གྲྭ་ཚང་།
372,35.654354,102.648981,,4,Gori,དགོ་རི།
443,29.65234,91.10838,,4,Chakpori,ལྕགས་པོ་རི།
532,37.03,101.81,,4,Tsenpo,བཙན་པོ།
1333,27.57161,85.58393,,4,Namo Buddha,སྟག་མོ་ལུས་སྦྱིན།
1359,29.6538646,91.1122623,,4,Draklha Lubuk,བྲག་ལྷ་ཀླུ་སྦུག།
1500,29.2453,91.6844,,4,Jasa Lhakhang,བྱ་ས་ལྷ་ཁང།
1502,27.299061,88.571637,,4,Karma Chokhor Dechen Ling,ཀརྨ་ཆོས་འཁོར་བདེ་ཆེན་གླིང།
1504,27.724,85.3628,,4,Ka-Nying Shedrub Ling,བཀའ་རྙིང་བཤད་སྒྲུབ་གླིང།
1081,31.633889,76.833333,Lake,5,Tso Pema,མཚོ་པད་མ།
1142,36.8845361,100.2004803,Lake,5,Kokonor,མཚོ་སྔོན་པོ།
1221,29.51725,92.73826,Lake,5,Lhamo Latso,ལྷ་མོའི་བླ་མཚོ།
1222,30.671993,81.451694,Lake,5,Manasarovar,མ་ཕམ་གཡུ་མཚོ།
1272,30.7,90.55,Lake,5,Namtso,གནམ་མཚོ།
1325,28.978275,90.749149,Lake,5,Yamdrok Lake,ཡར་འབྲོག་མཚོ།
1082,28.801011,91.950907,Mountain,5,Yarlha Shampo,ཡར་ལྷ་ཤམ་པོ།
1083,28.41533,98.711373,Mountain,5,Khawa Karpo,ཁ་བ་དཀར་པོ།
1084,31.0477,81.3137,Mountain,5,Kailash,གངས་རིན་པོ་ཆེ།
1085,28.587825,93.262851,Mountain,5,Tsāri,ཙཱ་རི
1086,34.7983,99.4625,Mountain,5,Amnye Machen,ཨ་མྱེས་རྨ་ཆེན།
1163,28.12015,86.16403,Mountain,5,Labchi,ལ་ཕྱི།
1164,29.5197,103.3325,Mountain,5,Emei Shan,གླང་ཆེན་འགྱིང་རི།
1169,25.9425,100.3975,Mountain,5,Riwo Jakang,རི་བོ་བྱ་རྐང།
1258,29.489742,94.498478,Mountain,5,Kongpo Bonri,ཀོང་པོ་བོན་རི།
1278,28.587825,93.262851,Mountain,5,Dakpa Shelri,དག་པ་ཤེལ་རི།
1348,29.324,91.50753,Mountain,5,Hepo Ri,ཧེ་པོ་རི།
21,29.21477,90.96158,,5,Zhung Treuzhing ,གཞུང་སྤྲེའུ་ཞིང་།
33,29.08333,87.63333,,5,Dar Drangmoche,དར་གྲོང་མོ་ཆེ།
44,31.28333,99.6,,5,Nyoshul,སྨྱོ་ཤུལ།
45,29.97151,91.9455,,5,Zha Lhakhang,ཞྭའི་ལྷ་ཁང་།
48,32.56,100.6,,5,Dodrubchen,རྡོ་གྲུབ་ཆེན།
52,29.241005,91.333746,,5,Dratang,གྲྭ་ཐང།
59,31.85857,96.296169,,5,Neten,གནས་བརྟན།
60,32.0395,96.9928,,5,Tsike,རྩི་ཀེ།
67,29.2150195,88.4085378,,5,Tropu,ཁྲོ་ཕུ།
70,30.82694,91.60927,,5,Barom Gon,འབའ་རོམ་དགོན།
93,28.93333,89.53333,,5,Tsechen,རྩེ་ཆེན།
101,29.13333,89.36667,,5,Pokhang ,སྤོས་ཁང།
105,29.3,89.05,,5,Serdokchen,གསེར་མདོག་ཅན།
107,30.93333,95.56667,,5,Tupten Dargye Ling ,ཐུབ་བསྟན་དར་རྒྱས་གླིང་།
110,29.368129,88.002188,,5,Takten Damcho Ling ,རྟག་བརྟན་དམ་ཆོས་གླིང།
112,29.97708,90.78496,,5,Chubzang,ཆུ་བཟང།
119,29.487153,87.853913,,5,Cholung Jangtse,ཆོས་ལུང་བྱང་རྩེ།
120,28.81667,89.65,,5,Nenying,གནས་རྙིང།
127,30.31667,101.56667,,5,Lhagang,ལྷ་སྒང་།
134,30.06667,95.61667,,5,Choding,ཆོས་སྡིངས།
135,29.73851,91.97096,,5,Rinchen Ling,རིན་ཆེན་གླིང།
141,28.09082,91.11897,,5,Kharchu,མཁར་ཆུ།
143,29.90192,91.76738,,5,Tangkya Lhakhang ,ཐང་སྐྱ་ལྷ་ཁང།
150,30.26667,94.88333,,5,Powo Samling,སྤོ་བོ་བསམ་གླིང་།
151,29.70716,90.72834,,5,Parpu Monastery,སྤར་ཕུ་དགོན་པ།
157,30.78671,98.966955,,5,Shar Yelpuk ,ཤར་ཡེལ་ཕུག།
158,31.95431,95.75779,,5,Jang Tana ,བྱང་རྟ་རྣ་དགོན།
159,30.6997,98.3555,,5,Dodzong,རྡོ་རྫོང།
160,30.541961,97.832504,,5,Sho,ཤོ།
183,29.184024,89.911855,,5,Rong Ngurmik,རོང་ངུར་སྨིག།
195,29.10399,91.72359,,5,Tangpoche,ཐང་པོ་ཆེ།
197,29.66667,89.13333,,5,Zhangzhong Dorjeden,ཞང་ཞོང་རྡོ་རྗེ་གདན།
198,29.18541,92.00526,,5,Chekar Chode,འཆད་དཀར་ཆོས་སྡེ།
199,29.881093,91.211952,,5,Langtang,གླང་ཐང།
208,32.34874,101.19215,,5,Tsechu Monastery,ཚེས་བཅུ།
209,32.352307,101.174029,,5,Choje Monastery,ཆོས་རྗེ་།
210,32.34874,101.16215,,5,Tsangwa Monastery,གཙང་བ།
214,33.89773,96.52142,,5,Ba,འབའ།
218,31.37117,96.50273,,5,Riwoche,རི་བོ་ཆེ།
224,29.92141,91.19951,,5,Poto,པོ་ཏོ།
225,29.15336,91.76162,,5,Rechung Puk,རས་ཆུང་ཕུག།
228,30.69,81.6,,5,Sewalung,སེ་བ་ལུང་།
229,29.28,89.08,,5,Upalung,འུག་པ་ལུང།
233,32.790873,79.002056,,5,Hanle,ཝཾ་ལེ།
234,33.95905,77.78915,,5,Chemrey,ལྕེ་བདེ་ཐེག་མཆོག་དགོན།
236,29.78221,91.60656,,5,Tsunmo Tsel,བཙུན་མོ་ཚལ།
241,31.927906,94.038873,,5,Patsang,སྤ་ཚང་།
242,32.156658,93.489064,,5,Lupuk Gonpa ,ཀླུ་ཕུག་དགོན་པ།
243,33.24122,100.83245,,5,Lungkar,ལུང་དཀར་དགོན།
245,29.376049,89.461498,,5,Yeru Wensakha,གཡས་རུ་དབེན་ས་ཁ།
246,30.16909,91.37098,,5,Joden Gendungang ,ཇོ་གདན་དགེ་འདུན་སྒང།
247,32.19614,96.42992,,5,Pelme Tekchen Evam Gatsel Ling ,དཔལ་མེ་ཐེག་ཆེན་ཨེ་བ༹ཾ་དགའ་ཚལ་གླིང།
251,29.65,89.65,,5,Dingma,ལྡིང་མ།
254,29.01364,91.72419,,5,Tseringjong,ཚེ་རིང་ལྗོངས།
255,31.2,94.03333,,5,Driru Gon,འབྲི་རུ་དགོན།
266,31.66667,99.73333,,5,Dargye,དར་རྒྱས།
270,29.46667,88.21667,,5,Tanak Tubten Namgyel ,རྟ་ནག་ཐུབ་བསྟན་རྣམ་རྒྱལ།
274,33.83872,103.7752,,5,Azha Yarpung,འ་ཞ་ཡར་སྤུངས།
275,29.322863,89.862049,,5,Dreyul Kyetsel ,འབྲས་ཡུལ་སྐྱེད་ཚལ།
276,29.26667,88.33334,,5,Nyenyo Jagoshong ,མཉན་ཡོད་བྱ་རྒོད་གཤོངས།
280,31.707441,98.574394,,5,Chakra,ལྕགས་ར།
282,31.52646,98.84868,,5,Pewar,དཔེ་ཝར།
287,35.91823,102.77701,,5,Tseten,ཚེ་ཏན་དགོན།
288,36.11912,102.37356,,5,Tak,སྟག།
289,36.052959,102.505148,,5,Tuwa ,མཐུ་བ།
290,35.9061864,102.5208564,,5,Dentik ,དན་ཏིག།
291,30.00733,91.26695,,5,Neuzur,སྣེའུ་ཟུར།
295,29.4,88.23333,,5,Ngulchu Hermitage,དངུལ་ཆུ་རི་ཁྲོད།
296,35.95828,101.52969,,5,Sekya Tashi Gepel Ling,སེ་ཀྱཱ་བཀྲ་ཤིས་དགེ་འཕེལ་གླིང།
297,27.517797,88.96393,,5,Sang Ngak Tekchen Choling,གསང་སྣགས་ཐེག་ཆེན་ཆོས་གླིང།
298,29.23076,90.92873,,5,Dakpo Dratsang ,དྭགས་པོ་གྲྭ་ཚང་།
307,27.595647,89.626837,,5,Cheri Monastery,ལྕགས་རི།
308,27.593052,89.638776,,5,Tango,རྟ་མགོ།
312,29.50162,91.05206,,5,Nyima Tang Monastery ,ཉི་མ་ཐང་དགོན།
314,29.70326,91.14464,,5,Khardo Hermitage,མཁར་རྡོ་རི་ཁྲོད།
315,29.75786,91.47462,,5,Jangtse,བྱང་རྩེ་།
316,29.65869,91.12968,,5,Gyuto,རྒྱུད་སྟོད།
317,29.880627,91.828872,,5,Takpu Chode,སྟག་ཕུ་ཆོས་སྡེ།
319,29.75878,91.4767,,5,Shartse College,ཤར་རྩེ་གྲྭ་ཚང་།
321,29.70283,91.14822,,5,Rakadrak Hermitage,ར་ཁ་བྲག་རི་ཁྲོད།
322,29.705515,91.13873,,5,Sera Utse,སེ་ར་དབུ་རྩེ།
325,29.64535,90.93782,,5,Kyormolung ,སྐྱོར་མོ་ལུང།
331,29.75525,90.65135,,5,Nenang,གནས་ནང།
334,29.00997,91.66037,,5,Riwo Dechen,རི་བོ་བདེ་ཆེན།
339,36.21907,102.57204,,5,Tangring Monastery,ཐང་རིང་དགོན་པ།
342,29.676708,91.048383,,5,Gomang,སྒོ་མང་།
343,29.67119,91.35907,,5,Dechen Sangngak Khar,བདེ་ཆེན་གསང་སྔགས་མཁར།
345,37.05548,101.4982,,5,Ganden Rinchen Ling,དགའ་ལྡན་རིན་ཆེན་གླིང་།
346,36.57999,102.48028,,5,Pari Tashi Choling ,དཔའ་རི་བཀྲ་ཤིས་ཆོས་གླིང།
348,29.698857,91.133409,,5,Sera Je,སེ་ར་བྱེས།
349,29.697918,91.132078,,5,Sera Me,སེ་ར་སྨད།
355,29.676052,91.04765,,5,Loseling,བློ་གསལ་གླིང་།
360,34.70963,103.79801,,5,Tsador,ཚ་རྡོར།
361,34.56912,102.55889,,5,Shitsang Gonsar,ཤིས་ཚང་དགོན་གསར།
362,34.25134,101.27828,,5,Ngulra,དངུལ་རྭ།
363,34.08551,102.63381,,5,Ganden Shedrub Pekar Drolwai Ling,དགའ་ལྡན་བཤད་སྒྲུབ་པད་དཀར་གྲོལ་བའི་གླིང།
364,34.98443,102.90041,,5,Tso Gon Ganden Choling ,གཙོས་དགོན་དགེ་ལྡན་ཆོས་གླིང།
365,34.52444,102.84644,,5,Mokru,རྨོག་རུ།
373,36.35462,102.29636,,5,Drotsang,གྲོ་ཚང་དགོན།
375,36.2347082,101.6917549,,5,Ditsa Tashi Choding ,དྷི་ཚ་བཀྲ་ཤིས་ཆོས་སྡིང་།
376,27.487683,89.899364,,5,Wangdue Phodrang Dzong ,དབང་འདུས་ཕོ་བྲང་རྫོང།
380,27.550583,89.822727,,5,Talo Sangngak Choling ,རྟ་ལོག་གསང་སྔགས་ཆོས་གླིང།
382,27.484303,90.165182,,5,Gangteng,སྒང་སྟེང།
383,27.504049,90.748764,,5,Trakar Lhakhang ,སྤྲ་མཁར་ལྷ་ཁང།
385,27.25112064,89.54917743,,5,Tsamdrak Monastery ,མཚམས་བྲག་དགོན།
387,27.49003,89.634874,,5,Tashichoedzong,བཀྲ་ཤིས་ཆོས་རྫོང།
392,27.408259,89.399347,,5,Gorina,གོ་རི་ན།
393,27.441119,89.376498,,5,Kyichu Lhakhang ,སྐྱིད་ཆུ་ལྷ་ཁང་།
396,35.64013,102.2,,5,Shel Monastery,ཤེལ་དགོན།
397,33.587202,102.949819,,5,Dzoge,མཛོད་དགེ།
398,35.7503238,102.3459813,,5,Bido Gonchen,བིས་མདོ་དགོན་ཆེན།
400,27.587778,90.737778,,5,Tamshing Lhakhang,གཏམ་ཞིང་ལྷུན་གྲུབ་ཆོས་གླིང།
401,35.86,101.94446,,5,Lamo Dechen ,ལ་མོ་བདེ་ཆེན་།
404,31.092706,96.995321,,5,Drugu,གྲུ་གུ་དགོན།
405,27.582152,89.863091,,5,Punakha Dzong,སྤུངས་ཐང་བདེ་བ་ཅན།
406,27.502956,90.505755,,5,Trongsa Dzong,ཀྲོང་གསར་རྫོང།
407,32.75037,102.05579,,5,Karchen,དཀར་ཆེན།
409,34.58937,103.24455,,5,Gyakhar ,རྒྱ་མཁར་དགོན།
410,34.58,101.33,,5,Urge Dratsang,ཨུརྒེ་གྲྭ་ཚང་།
411,31.75,100.2,,5,Tongkhor,སྟོང་འཁོར།
412,31.80651,98.58052,,5,Parkhang,པར་ཁང།
416,34.59929,103.10802,,5,Luchung Taktsang Gon,སྟག་ཚང་དགོན།
418,27.4565613,89.3893131,,5,Sang Chokhor ,གསང་ཆོས་འཁོར།
420,30.00055,91.98757,,5,Yangri Gar ,ཡང་རི་སྒར།
421,32.23333,99.71667,,5,Getse Tralek,དགེ་རྩེ་བཀྲ་ལེགས།
423,29.71955,91.11701,,5,Pabongkha Hermitage ,ཕ་བོང་ཁ་རི་ཁྲོད།
426,31.51667,93.81667,,5,Chakri Nyidrak,ཆགས་རི་ཉི་གྲགས།
427,30.648139,98.366486,,5,Takmogang,སྟག་མོ་སྒང།
432,32.01667,99.11667,,5,Gyarong Gon,རྒྱལ་རོང་དགོན།
434,35.95,101.96,,5,Magur Namgyel Ling,རྨ་མགུར་རྣམ་རྒྱལ་གླིང།
435,29.82363,91.86028,,5,Chekha,འཆད་ཁ།
437,37.54184,100.09818,,5,Kangtsa,རྐང་ཚ་།
439,32.13379,98.85002,,5,Śrī Siṃha College,ཤྲཱི་སིངྷ་བཤད་གྲྭ།
440,36.53,101.15,,5,Tongkhor,སྟོང་འཁོར།
441,36.95,102.5,,5,Chorten Tang Tashi Dargye Ling ,མཆོད་རྟེན་ཐང་བཀྲ་ཤིས་དར་རྒྱས་གླིང།
442,36.15132,101.0768,,5,Chunak Tashi Choling,ཆུ་ནག་བཀྲ་ཤིས་ཆོས་གླིང།
444,33.23333,98.06667,,5,Gegong,དགེ་གོང།
445,31.64372,98.9662,,5,Khamshe,ཁམས་བྱེད།
446,29.089079,88.975784,,5,Nyang Tarpa Ling,མྱང་ཐར་པ་གླིང།
447,31.66667,99.68333,,5,Lang Na,གླང་སྣ།
449,30.96667,100.31667,,5,Chagdud,ལྕགས་མདུད།
450,30.96667,100.2,,5,Kelzang Sanggye Choling,བསྐལ་བཟང་སངས་རྒྱས་ཆོས་གླིང་།
452,31,100.31667,,5,Tsogyel Jomo,མཚོ་རྒྱལ་ཇོ་མོ།
453,28.95,87.63333,,5,Tubten Gepel,ཐུབ་བསྟན་དགེ་འཕེལ།
455,33.683074,99.4581798,,5,Pel Nyenmo Ri Namgyel,དཔལ་སྙན་མོ་རི་རྣམ་རྒྱལ།
459,35.06531,102.88647,,5,Khagya Me Monastery,ཁ་གྱ་སྨད་དགོན
465,35.437825,102.572199,,5,Gangya Drakkar Gon,རྒན་རྒྱ་བྲག་དཀར་དགོན།
466,29.45252,92.72956,,5,Chokhor Gyel,ཆོས་འཁོར་རྒྱལ།
469,33.140498,97.923975,,5,Sershul,སེར་ཤུལ།
474,35.88,101.97678,,5,Ngagar Jangchub Ling,རྔ་སྒར་བྱང་ཆུབ་གླིང།
476,30.48333,101.48333,,5,Gartar,མགར་ཐར།
479,35.2106,102.83985,,5,Terlung Yiga Chodzin Ling,གཏེར་ལུང་ཡིད་དག་ཆོས་འཛིན་གླིང།
480,34.80092,102.67969,,5,Amchok Monastery,ཨ་མཆོག་དགོན།
481,35.494683,102.28451,,5,Gartse Tubten Chokhor Ling,འགར་རྩེ་ཐུབ་བསྟན་ཆོས་འཁོར་གླིང།
482,35.22746,102.6597,,5,Martang Obten,མར་ཐང་ཨོབ་བསྟན་དགོན་པ།
485,29.24915,91.79376,,5,Tsetang,རྩེད་ཐང།
496,35.37296,101.95,,5,Dedzom Gatsel,བདེ་འཛོམས་དགའ་ཚལ།
497,35.350908,101.885348,,5,Dzongkar,རྫོང་དཀར།
499,35.70587,102.35251,,5,Dopuk,རྡོ་ཕུག།
501,35.648363,102.655118,,5,Angang,ཨ་འགང།
504,35.76,102.28,,5,Karing,ཀ་རིང།
514,29.41667,86.88333,,5,Se Trazang,སེ་བཀྲ་བཟང་།
516,29.35536,91.13459,,5,Guru Pema Evaṁ Chokgar,གུ་རུ་པདམ་ཨེ་ཝཾ་ལཆོག་སྒར།
518,31,100.31667,,5,Jazi,ཇ་བཟི་།
519,30.9,99.65,,5,Tromge Gon,ཁྲོམ་དགེ་དགོན།
520,34.61,98.26,,5,Horkor Gon,ཧོར་སྐོར་དགོན།
523,29.258865,91.458071,,5,Monkhar Namseling,མོན་མཁར་རྣམ་སྲས་གླིང།
525,32.11666,100.46667,,5,Nubzur Gon,གནུབས་ཟུར་དགོན་པ།
529,28.38112,90.71995,,5,Lhalung Gon,ལྷ་ལུང་དགོན།
533,36.59996,102.18059,,5,Martsang Drak,དམར་གཙང་བྲག།
535,30.55,96.63333,,5,Pasho Gon,དཔའ་ཤོད་དགོན་པ།
536,29.65650701,91.10623772,,5,Kundeling,ཀུན་བདེ་གླིང་།
538,28.39562,92.35266,,5,Nyel Drewule Gon,གཉལ་དྲེའུ་ལྷས་དགོན།
544,31.56667,97.13333,,5,Gingtang Gon ,གིང་ཐང་དགོན།
546,29.45,88.25,,5,Zhe Dratsang,བཞད་གྲྭ་ཚང་།
547,32.3,99.75,,5,Khanon Gon,ཁ་ནོན་དགོན།
553,28.43163,91.47381,,5,Mawochok,སྨྲ་བོ་ལྕོགས།
557,29.8,101.51667,,5,Rikhud,རི་ཁུད།
560,28.85,85.73333,,5,Pelmo Choding,དཔལ་མོ་ཆོས་སྡིངས་།
563,29.30206,90.73485,,5,Chakzam Chuwori,ལྕགས་ཟམ་ཆུ་བོ་རི།
564,28.973832,90.472809,,5,Samding Monastery,བསམ་སྡིངས་དགོན་པ།
565,35.54175,102.24534,,5,Yama Tashikhyil,གཡའ་མ་བཀྲ་ཤིས་འཁྱིལ།
567,33.2723125,100.6556316,,5,Dartang,དར་ཐང་།
571,31.677975,98.628253,,5,Alo Peljor Gon,ཨ་ལོ་དཔལ་འབྱོར་དགོན།
572,29.698147,91.136113,,5,Sera Choding,སེ་ར་ཆོས་སྡིངས།
590,29.5117,91.1543,,5,Chakar,འཆད་དཀར།
599,30.05281,90.44358,,5,Yangpachen,ཡངས་པ་ཅན།
612,29.3,88.2,,5,Bodong E,བོ་དོང་ཨེ།
615,29.25615,90.81532,,5,Gongkar Chode,གོང་དཀར་ཆོས་སྡེ།
618,29.08333,87.6,,5,Sekharchung,སེ་མཁར་ཆུང་།
621,32.68,100.93,,5,Golok Getse,མགོ་ལོག་དགེ་རྩེ།
650,31.4273,95.57874,,5,Khyungpo Tengchen,ཁྱུང་པོ་སྟེང་ཆེན།
657,29.1171072,88.9678218,,5,Ripuk Hermitage,རི་ཕུག་རི་ཁྲོད།
673,34.09907,102.74087,,5,Khangsar,ཁང་གསར།
679,32.2233,101.93877,,5,Gyu,རྒྱུས།
682,29.45,89.26667,,5,Tsedong,རྩེ་གདོང་།
687,30.06667,95.61667,,5,Pulung Rinchen Ling,ཕུ་ལུང་རིན་ཆེན་གླིང་།
688,12.4307034,75.9663372,,5,Namdroling,རྣམ་གྲོལ་གླིང།
697,32.58333,100.53333,,5,Nyenlung,སྙན་ལུང་དགོན།
700,32.00294,97.56653,,5,Simda Dzogchen Monastery,སྲིབ་མདའ་རྫོགས་ཆེན་དགོན།
701,34.18644267,77.48940398,,5,Phyang,སྒང་སྔོན་བཀྲ་ཤིས་ཆོས་རྫོང།
702,32.26297,96.82353,,5,Zurmang Namgyeltse,ཟུར་མང་རྣམ་རྒྱལ་རྩེ།
703,33.37715,97.04449,,5,Kham Kyogon,ཁམས་སྐྱོ་དགོན།
711,28.514666,86.486207,,5,Dingri Langkhor,དིང་རི་གླང་འཁོར།
713,29.16123,91.27114,,5,Nyedo Monastery,སྙེ་མདོ་དགོན།
717,29.65292,91.13318,,5,Pabongkha Labrang,ཕ་བོང་ཁ་བླ་བྲང།
719,32.093798,78.382473,,5,Tabo,ཏ་པོ་དགོན།
720,31.28333,97.51667,,5,Khampa Gar,ཁམས་པ་སྒར།
721,32.06935,94.183474,,5,Yeta Lungkar,ཡེ་ཐ་ལུང་དཀར་དགོན།
722,29.6528,91.13274,,5,Meru Nyingpa,རྨེ་རུ་རྙིང་པ།
723,29.6544,91.12863,,5,Tengyeling,བསྟན་རྒྱས་གླིང།
724,29.65693,91.13013,,5,Tsemonling,ཚེ་སྨོན་གླིང།
728,29.65194,91.13318,,5,Surkhang Manor House,ཟུར་ཁང་གཟིམས་ཤག།
729,29.6514,91.13453,,5,Horkhang Manor House,ཧོར་ཁང་གཟིམས་ཤག།
804,34.23996,102.87845,,5,Ganden Jangchub Chopel Ling,དག་ལྡན་བྱང་ཆུབ་ཆོས་འཕེལ་གླིང།
805,38.064221,100.4512624,,5,Arik Gonchen,ཨ་རིག་དགོན་ཆེན།
806,36.338471,101.908768,,5,Shadzong Ritro,ཤྭ་རྫོང་རི་ཁྲོད།
807,32.95209,97.04072,,5,Trangu,ཁྲ་འགུ་དགོན་།
808,29.425068,88.296453,,5,Rigyel,རི་རྒྱལ་དགོན།
810,30.01113,99.10798,,5,Batang Chode,འབའ་ཐང་ཆོས་སྡེ།
811,28.1167,91.13106,,5,Khoting Lhakhang,ཁོ་ཐིང་ལྷ་ཁང།
812,37.28,102,,5,Semnyi,སེམས་ཉིད་དགོན།
813,30.80886,95.65077,,5,Shopamdo,ཤོ་པ་མདོ་དགོན།
814,30.91516,94.68369,,5,Pelbar,དཔལ་འབར་དགོན།
815,35.99773,103.214493,,5,Jampa Bumling,བྱམས་པ་བུམ་གླིང།
816,28.81676,83.87137,,5,Muktinath,ཆུ་མིག་རྒྱ་མཚོ།
821,34.282778,76.774444,,5,Lamayuru,བླ་མ་གཡུང་དྲུང་དགོན་པ།
824,28.9,89.56667,,5,Changra,ལྕང་ར།
825,29.01667,87.65,,5,Mugulung,མུ་གུ་ལུང།
826,30.61667,98.96667,,5,Nyingon,ཉིན་དགོན་དགོན།
827,29.407,90.61611,,5,Chushur Tarpa Ling,ཆུ་ཤུར་ཐར་པ་གླིང།
828,28.3687,90.66302,,5,Layak Guru Lhakhang,ལ་ཡག་གུ་རུ་ལྷ་ཁང།
829,29.44823,92.35815,,5,Dzingchi,རྫིང་ཕྱི་ཆོས་སྡེ།
831,37.11667,103.48333,,5,Taklung Ganden Damcho Ling,སྟག་ལུང་དགའ་ལྡན་དམ་ཆོས་གླིང།
837,29.41336,90.191515,,5,Gyelje,རྒྱལ་བྱེད་དགོན།
838,29.023758,89.4563253,,5,Drongtse,འབྲོང་རྩེ།
839,29.211985,89.854064,,5,Rong Jamchen,རོང་བྱམས་ཆེན་དགོན།
840,29.37749,92.36591,,5,Wolkha Cholung,འོལ་ཁ་ཆོས་ལུང་།
841,29.68705,91.10852,,5,Drakri Hermitage,བྲག་རི་རི་ཁྲོད།
842,29.693339,91.053467,,5,Gepel Hermitage,དགེ་འཕེལ་རི་ཁྲོད།
843,29.65194,91.13108,,5,Kyitopa Manor House,སྐྱིད་སྟོད་པ་གཟིམས་ཤག།
844,29.65151,91.13318,,5,Pangdatsang Manor House,སྤོམ་མདའ་གཟིམས་ཤག།
845,29.65191,91.1314,,5,Sampho Manor house,བསམ་གྲུབ་ཕོ་བྲང་གཟིམས་ཤག།
846,29.65533,91.13091,,5,Punkhang Manor House,ཕུན་ཁང་གཟིམས་ཤག།
847,29.65516,91.13151,,5,Changlochen Manor House,ལྕང་ལོ་ཅན་གཟིམས་ཤག།
848,29.65241,91.13498,,5,Palha Manor House,ཕ་ལྷ་གཟིམས་ཤག།
849,29.65148,91.13567,,5,Namseling Manor House,རྣམ་སྲས་གླིང་གཟིམས་ཤག།
850,29.65424,91.13246,,5,Shakabpa Manor House,ཞྭ་སྒབ་པ་གཟིམས་ཤག།
851,29.65379,91.13643,,5,Tethong Manor House,བཀྲས་མཐོང་གཟིམས་ཤག།
852,29.65271,91.13022,,5,Doring Manor House,རྡོ་རིང་གཟིམས་ཤག།
853,29.65624,91.1023,,5,Tsarong Manor House,ཚ་རོང་གཟིམས་ཤག།
855,29.65342,91.12571,,5,Yuthok Manor House,གཡུ་ཐོག་གཟིམས་ཤག།
857,29.654329,91.128043,,5,Lhalu Podrang,ལྷ་ཀླུའི་ཕོ་བྲང།
858,29.653264,91.1336,,5,Dechen Rabten Manor House,བདེ་ཆེན་རབ་བརྟན།
860,29.70598,91.13696,,5,Keutsang West Hermitage,ཀེའུ་ཚང་ནུབ་རི་ཁྲོད།
861,29.360014,89.647113,,5,Yungdrung Ling,གཡུང་དྲུང་གླིང་དགོན།
863,29.44222,91.24727,,5,Drak Yongdzong,བསྒྲགས་ཡོང་རྫོང་།
865,29.65384,91.13808,,5,Banak Zhol Gyelkhang,སྦྲ་ནག་ཞོལ་རྒྱལ་ཁང་།
866,29.65356,91.13261,,5,Barkor Jampa Lhakhang,བར་སྐོར་བྱམས་པ་ལྷ་ཁང་།
867,29.65336,91.13253,,5,Barkor Mani Lhakhang,བར་སྐོར་མ་ཎི་ལྷ་ཁང་།
868,29.65354,91.13319,,5,Barkor Mani Lhakhang Shar,བར་སྐོར་མ་ཎི་ལྷ་ཁང་ཤར་།
870,29.656344,91.122926,,5,Taktser,སྟག་མཚེར།
871,29.615111,91.137553,,5,Drib Tsechok Ling,གྲིབ་ཚེ་མཆོག་གླིང་།
872,29.651868,91.133318,,5,Palden Lhamo Shrine,དཔལ་ལྷའི་ཚ་ཁང།
873,29.6560932,91.1074767,,5,Gesar Lhakhang,གེ་སར་ལྷ་ཁང།
874,29.656,91.13243,,5,Jebumgang Lhakhang,རྗེ་འབུམ་སྒང་ལྷ་ཁང།
875,29.6524,91.13538,,5,Karmashak Tsenkhang,ཀརྨ་ཤག་བཙན་ཁང།
877,29.65285,91.1318,,5,Lhasa Tsuklakhang ,ལྷ་ས་གཙུག་ལག་ཁང་།
879,29.651705,91.129967,,5,Lingtsang Labrang,གླིང་ཚང་བླ་བྲང།
880,29.65554,91.135,,5,Meru Dratsang,རྨེ་རུ།
882,29.650032,91.131217,,5,Trijang Labrang,ཁྲི་བྱང་བླ་བྲང།
883,29.65044,91.133024,,5,Kunsangtse,ཀུན་བཟང་རྩེ།
884,29.655268,91.128515,,5,Demo Labrang,དེ་མོ་བླ་བྲང།
887,29.657419,91.118395,,5,Armory,དམག་སྤྱི་ཁང་།
888,29.656981,91.118845,,5,Treasury,དངུལ་པར་ཁང།
889,29.656469,91.119078,,5,Shol Printery,ཞོལ་སྤར་ཁང།
890,29.656927,91.116965,,5,Shol Office,ཞོལ་པ་ལས་ཁུངས།
892,29.657931,91.116609,,5,Namgyel,རྣམ་རྒྱལ།
893,29.671585,91.055894,,5,Nechung,གནས་ཆུང།
894,29.65628,91.1324,,5,Northern Rigsum Gonpo Lhakhang,བྱང་རིགས་གསུམ་མགོན་པོའི་ལྷ་ཁང།
895,29.65098,91.13646,,5,South-Eastern Rigsum Gonpo Shrine,ལྷོ་ཤར་རིགས་གསུམ་མགོན་པོའི་ལྷ་ཁང།
896,29.65206,91.12931,,5,South-Western Rigsum Gonpo Lhakhang,ལྷོ་ནུབ་རིགས་གསུམ་མགོན་པོའི་ལྷ་ཁང།
897,29.65014,91.13212,,5,Southern Rigsum Gonpo Lhakhang,ལྷོ་རིགས་གསུམ་མགོན་པོའི་ལྷ་ཁང།
898,29.65086,91.13336,,5,Rabsel Tsenkhang,རབ་གསལ་བཙན་ཁང།
899,29.65862,91.13043,,5,Ramoche ,ར་མོ་ཆེ་གཙུག་ལག་ཁང།
900,29.65648,91.12889,,5,Shide Dratsang,བཞི་སྡེ་གྲྭ་ཚང་།
902,29.651044,91.132091,,5,Shatra,གཟིམས་ཤག་བཤད་སྒྲ།
903,29.65388,91.13312,,5,Tromsikhang,གྲོམ་གཟིགས་ཁང་།
904,29.65352,91.1324,,5,Nangtseshar,སྣང་རྩེ་ཤར།
907,29.69867,91.13256,,5,Ngakpa Dratsang ,སྔགས་པ་གྲྭ་ཚང།
908,29.676052,91.048505,,5,Drepung Deyang College,འབྲས་སྤུངས་བདེ་ཡངས་གྲྭ་ཚང།
909,29.676679,91.046112,,5,Ngakpa Dratsang,སྔགས་པ་གྲྭ་ཚང་།
910,34.03857,77.68443,,5,Nyarma,མྱ་མ།
911,29.65454,91.13761,,5,Darpoling Tsenkhang,དར་པོ་གླིང་བཙན་ཁང།
912,29.65842,91.13146,,5,Tsepak Lhakhang,ཚེ་དཔག་ལྷ་ཁང།
913,29.65074,91.131,,5,Trode Khangsar,སྤྲོ་བདེ་ཁང་གསར།
914,29.16264,91.79367,,5,Riwo Choling,རི་བོ་ཆོས་གླིང།
917,27.49653165,90.74691221,,5,Nyimalung Monastery,ཉི་མ་ལུང་དགོན།
920,35.19341,102.50515,,5,Labrang Kālacakra College,བླ་བྲང་དུས་འཁོར་གྲྭ་ཚང།
921,35.19342,102.50643,,5,Labrang Medical College,བླ་བྲང་སྨན་པ་གྲྭ་ཚང།
922,35.19284,102.50494,,5,Labrang Hevajra College,བླ་བྲང་ཀྱཻ་རྡོར་གྲྭ་ཚང།
923,35.19409,102.50486,,5,Mejung Tosam Ling,"ཊོསམ་ལིང,་རྨད་བྱུང་ཐོས་བསམ་གླིང།"
924,36.48759,101.5654,,5,Kumbum Tantric College,སྐུ་འབུམ་རྒྱུད་པ་གྲྭ་ཚང།
925,36.48979,101.56663,,5,Kumbum Medical College,སྐུ་འབུམ་སྨན་པ་གྲྭ་ཚང།
926,36.48946,101.56673,,5,Kumbum Kālacakra College,སྐུ་འབུམ་འདུས་འཁོར་གྲྭ་ཚང།
927,36.4898,101.5666,,5,Kumbum Debate College,
928,29.65625,91.13219,,5,Zhitro Lhakhang,ཞི་ཁྲོའི་ལྷ་ཁང་།
934,28.90844,88.02076,,5,Zhitok Labrang,གཞི་ཐོག་བླ་བྲང།
936,28.9056,88.01753,,5,Ducho Labrang,དུས་མཆོད་བླ་བྲང།
937,28.90506,88.01787,,5,Lhakhang Labrang,ལྷ་ཁང་བླ་བྲང།
938,28.905901,88.018213,,5,Dolma Podrang,སྒྲོལ་མ་ཕོ་བྲང།
939,28.90786,88.02734,,5,Puntsok Podrang,ཕུན་ཚོགས་ཕོ་བྲང།
941,35.508196,102.008,,5,Rongwo Tantric College,རོང་པོ་རྒྱུད་པ་གྲྭ་ཚང།
942,35.509265,102.008162,,5,Rongwo Kālacrakra College,རོང་པོ་དུས་འཁོར་གྲྭ་ཚང།
943,29.05,87.63333,,5,Samdrub Gonsar,བསམ་གྲུབ་དགོན་གསར།
954,31.05,99.28333,,5,Dzaka,ཛཿཀ་དགོན།
955,31.864878,99.279519,,5,Tsashul,རྩ་ཤུལ་དགོན།
957,32.7912688,100.0581569,,5,Dartsang Kelzang Monastery,བརྡ་ཚང་བསྐལ་བཟང་དགོན།
958,29.80705,91.82544,,5,Gyelteng Monastery,རྒྱལ་སྟེང་དགོན།
959,29.796,91.91836,,5,Pangsa Monastery,སྤང་ས་དགོན།
960,29.40923,92.42286,,5,Olkha Samling,འོལ་ཁ་བསམ་གླིང་།
962,29.35331,91.8421,,5,Tashi Dokha,བཀྲ་ཤིས་རྡོ་ཁ།
968,27.288684,88.561993,,5,Rumtek,རུམ་ཐེག།
974,31.658689,98.800306,,5,Tsādra,ཙཱ་འདྲ།
979,34.82834,102.84132,,5,Bora,འབོ་ར།
981,27.8634,99.70396,,5,Tsongkhapa Lhakhang,ཙོང་ཁ་པ་ལྷ་ཁང།
982,36.003092,100.221358,,5,Tege ,ཐེ་གེ།
983,37.191944,103.384214,,5,Pari Drigung,འབྲི་གུང།
984,47.922404,106.895889,,5,Tashi Chopel Dratsang,བཀྲ་ཤིས་ཆོས་འཕེལ་གྲྭ་ཚང་།
985,30.00458,99.10629,,5,Jakhyung Rito Pendeling,བྱ་ཁྱུང་རི་སྟོད་ཕན་བདེ་གླིང།
988,32.522571,103.603065,,5,Serwo,སེར་བོ།
991,28.93323,99.80075,,5,Tsongkhapa Hall,
1000,29.16667,89.6,,5,Zurlung Pelchen Lhakhang,ཟུར་ལུང་དཔལ་ཆེན་ལྷ་ཁང་།
1002,33.15463,96.92091,,5,Raknyak,རག་ཉག་དགོན།
1010,30.85,99.85,,5,Tsopu,མཚོ་ཕུ་དགོན།
1013,30.77707,99.03711,,5,Garje,སྒ་རྗེ་བདེ་ཆེན་དགོན།
1016,29.9992,100.26683,,5,Litang Nyingma Dratsang,ལི་ཐང་རྙིང་མ་གྲྭ་ཚང་།
1017,31.28333,97.51667,,5,Drugu Gon,གྲུ་གུ་དགོན།
1021,29.72012,91.12324,,5,Chubzang Hermitage,ཆུ་བཟང་རི་ཁྲོད།
1022,29.65082,91.13381,,5,Tsamkhung Convent,མཚམས་ཁུང་དགོན།
1024,36.48923,101.56659,,5,Kumbum Printing Press,སྐུ་འབུམ་པར་ཁང།
1038,34.48999,103.59457,,5,Nakdo,ནགས་མདོ།
1041,35.67295,101.3948,,5,Banshul,བན་ཤུལ་དགོན་བཤད་སྒྲུབ་རིན་ཆེན་གླིང།
1042,35.85739,101.56157,,5,Nyegon,རྙེ་དགོན།
1043,34.48175,102.13863,,5,Datsen,མདའ་ཚན་དགོན་བཀྲ་ཤིས་དགའ་ལྡན་གླིང།
1044,35.5612399,102.0561142,,5,Sengge Shong Mago,སེངྒེ་གཤོང་མ་མགོ།
1045,35.5566733,102.0520319,,5,Sengge Shong Yago,སེངྒེ་གཤོང་ཡ་མགོ།
1046,31.68915,99.00742,,5,Rongme Karmo Taktsang,རོང་མེ་དཀར་མོ་སྟག་ཚང་།
1049,52.011598,108.286138,,5,Atsagat Datsan,དགའ་ལྡན་དར་རྒྱས་གླིང།
1051,29.984113,91.902965,,5,Nyima Changra,ཉི་མ་ལྕང་རའི་བཤད་གྲྭ།
1054,34.62221,103.3409,,5,Chepa Darge Gon,ཆས་པ་དར་དགེ།
1056,32.3,98.93333,,5,Lek Gon,ལེགས་དགོན།
1066,27.530631,90.687253,,5,Tarpa Ling,འབྲུག་ཡུལ་ཐར་པ་གླིང།
1070,32.474838,99.841551,,5,Sera Tekchen Chokhorling,སེ་ར་ཐེག་ཆེན་ཆོས་འཁོར་གླིང།
1071,32.95,100.71,,5,Bennak,པན་ནག།
1072,27.676971,89.839581,,5,Seula Chokhor Dorjeden,སེའུ་ལ་ཆོས་འཁོར་རྡོ་རྗེ་ལྡན།
1073,27.193971,86.634624,,5,Māratika,མཱ་ར་ཏི་ཀ།
1087,31.776732,95.03726,,5,Khapung,ཁ་སྤུངས།
1089,31.67092,79.831478,,5,Dungkar,དུང་དཀར།
1091,34.85179,103.41585,,5,Khyage,ཁྱ་དགེ་དགོན།
1093,33.60744,104.5136,,5,Ongsum,ཨོང་གསུམ།
1099,27.07804,88.49385,,5,Bhutan House,མི་འགྱུར་ངོན་དཔར་དག་བའི་ཕོ་བྲང།
1101,34.224131,77.169758,,5,Lotsawa Lhakhang,ལོ་ཙཱ་བ་ལྷ་ཁང།
1104,31.93333,99.21667,,5,Yilung Lhagyel,ཡིད་ལྷུང་ལྷ་རྒྱལ།
1105,31.65,100.25,,5,Shukgang,ཤུག་སྒང།
1106,31.55,100.9,,5,Domang,མདོ་མང་།
1108,31.4,100.66666,,5,Dranggo,བྲག་འགོ།
1109,31.46667,100.55,,5,Janggang,འཇང་སྒང།
1110,31.7,100.86667,,5,Rahor,ར་ཧོར།
1111,31.7,100.86667,,5,Tsangme Sengge,གཙང་སྨད་སེངྒེ།
1112,31.77443,101.01162,,5,Sango,ས་འགོ།
1113,31.81296,101.06326,,5,Kuntsar,ཀུན་མཚར།
1114,31.61207,97.98663,,5,Dzigar,ཛི་དགར།
1119,29.67575,91.04678,,5,Sorik Dropen Ling,གསོ་རིག་འགྲོ་ཕན་གླིང་།
1120,29.46032,94.39299,,5,Buchu Lhakhang,བུ་ཆུ་ལྷ་ཁང་།
1121,29.84924,91.74418,,5,Katsel,བཀའ་ཚལ།
1122,29.1627,87.696,,5,Drampagyang,རུ་གནོན་གྲམ་པ་རྒྱང།
1123,29.356799,89.495343,,5,Tsangdram,གཙང་འགྲམ།
1124,29.6516623,84.1752254,,5,Traduntse,པྲ་དུན་རྩེ།
1125,28.423339,85.294465,,5,Jamtrin Lhakhang,བྱམས་སྤྲིན་ལྷ་ཁང་།
1133,31.48333,99.3,,5,Kharak,ཁ་རག།
1134,28.600552,86.735879,,5,Tsibri,རྩིབ་རི།
1136,29.2469,90.3156,,5,Kharak,ཁ་རག།
1141,35.59952,102.21921,,5,Zhohong,ཞོ་འོང།
1144,27.3083,88.2981,,5,Drakar Tashiding,བྲག་དཀར་བཀྲ་ཤིས་སྡིངས།
1145,27.49192,89.36333,,5,Paro Taktsang,སྤ་གྲོ་སྟག་ཚང།
1147,35.19692,102.91018,,5,Menlung Tashi Chopel Ling,སྨན་ལུང་དགོན་བཀྲ་ཤིས་ཆོས་འཕེལ་གླིང།
1148,33.47343,102.28278,,5,Tseuruma Serde,མཚེའུ་རུ་མའི་སེར་སྡེ།
1150,39.92799,116.40383,,5,Zungchu Zi,ཟུང་ཅུ་ཟི།
1151,29.26926,92.0239,,5,Zangri Kangmar,ཟངས་རི་ཁང་དམར།
1152,36.68239,102.21172,,5,Chubzang Hermitage,ཆུ་བཟང་རི་ཁྲོད།
1157,29.13939,91.30986,,5,Dingpoche,སྡིངས་པོ་ཆེ།
1162,27.33099,89.50398,,5,Tachogang Lhakhang,རྟ་མཆོག་སྒང་ལྷ་ཁང།
1165,35.82185,102.02,,5,Nangra,སྣང་ར་གསེར་ཁང།
1166,35.897239,101.568054,,5,Yershong,གཡེར་གཤོང་།
1171,33.41667,98.01667,,5,Dza Gyelgon,རྫ་རྒྱལ་དགོན།
1172,32.247125,100.270488,,5,Yarlung Pemako,ཡར་ལུང་པདྨ་བཀོད།
1173,31.3168,98.94567,,5,Katok Shedra Norbu Lhunpo,ཀཿ་ཐོག་བཤད་གྲྭ་ནོར་བུ་ལྷུན་པོ།
1174,33.01667,98.15,,5,Mangge,མང་དགེ།
1178,33.99533,102.07177,,5,Beshing,བེ་ཤིང་།
1179,32.91966,101.72959,,5,Tokden,རྟོགས་ལྡན།
1180,36.84459,102.1655,,5,Mangdu,མང་འདུས།
1183,31.916606,98.813834,,5,Mandal Gon,མཎྜལ་དགོན།
1184,29.21617,91.71075,,5,Yarlung Sheldrak,ཡར་ཀླུངས་ཤེལ་བྲག།
1185,35.19399,102.50572,,5,Gyelwa Sengge Ngaro Lhakhang,རྒྱལ་བ་སེང་གེའི་ང་རོའི་ལྷ་ཁང་།
1187,32.84455,97.14682,,5,Benchen,བན་ཆེན།
1189,32.34979,97.16551,,5,Ladro,གླ་གྲོ།
1194,47.922385,106.895548,,5,Kunga Choling,ཀུན་དགའ་ཆོས་གླིང་གྲྭ་ཚང།
1195,47.922615,106.893545,,5,Gyu Dratsang,རྒྱུད་གྲྭ་ཚང་།
1196,29.22846,91.7848,,5,Nedong Tsetsokpa,སྣེ་གདོང་རྩེ་ཚོགས་པ།
1199,32.26667,98.38333,,5,Tarde,ཐར་བདེ།
1200,38.663012,105.799951,,5,Baruun Khiid,
1201,40.792274,110.314185,,5,Pekar Choling,པད་དཀར་ཆོས་གླིང།
1216,32.23333,99.26667,,5,Ringu,རི་མགུལ།
1218,28.97897,91.51028,,5,Chenye,སྤྱན་གཡས།
1219,31.61667,99.86667,,5,Beri,བེ་རི།
1224,30.96667,100.2,,5,Nyarong Gojam Gon,ཉག་རོང་གོ་འབྱམས་དགོན།
1226,30.490146,100.09657,,5,Chodrak Gon,ཆོས་གྲགས་དགོན།
1229,29.674938,91.04773,,5,Hardong Khamtsen,ཧར་གདོང་ཁམས་ཚན།
1230,29.63604,90.95711,,5,Taklung Drak,སྟག་ལུང་བྲག།
1232,28.6,85.25,,5,Drakkar Taso,བྲག་དཀར་རྟ་སོ།
1233,28.18543,91.24723,,5,Tikchi,ཐིག་ཕྱི།
1235,29.18282,83.95691,,5,Tubchen Dargye Ling,ཐུབ་ཆེན་དར་རྒྱས་གླིང།
1236,29.51754,90.82605,,5,Druk Jangchub Choling,འབྲུག་བྱང་ཆུབ་ཆོས་གླིང།
1237,28.81215,90.44607,,5,Taklung Tarling Chode,སྟག་ལུང་ཐར་གླིང་ཆོས་སྡེ།
1238,31.920945,98.428499,,5,Wonto,དབོན་སྟོད།
1242,31.58333,100.08334,,5,Khangmar,ཁང་དམར།
1243,31.55,99.15,,5,Khangmar,ཁང་དམར།
1245,31.68485,98.94665,,5,Pema Shelpuk,པདྨ་ཤེལ་ཕུག།
1246,29.69787,91.13246,,5,Ara Khamtsen,ཨ་ར་ཁམས་མཚན།
1247,30.01807,90.71814,,5,Chimilung,ཕྱིར་མིག་ལུང་དགོན།
1248,35.6309926,102.0222575,,5,Shadrang ,ཤ་སྦྲང་།
1249,31.59165,99.10904,,5,Changlung,ལྕང་ལུང་།
1250,32.51667,97.85,,5,Drentang,དྲན་ཐང།
1251,28.29468,92.73174,,5,Zangchen,ཟངས་ཆེན།
1255,30.38333,101.11667,,5,Dzogon,མཛོད་དགོན།
1256,27.0167583,91.4663466,,5,Dungsam,གདུང་བསམ།
1257,27.33689,91.551411,,5,Trashigang Dzong,བཀྲ་ཤིས་སྒང་ཛོང།
1261,30.5,101.43333,,5,Rashel,རྭ་ཤེལ།
1262,30.5,101.43333,,5,Belo Hermitage,བེ་ལོ་རི་ཁྲོད།
1263,30.86667,101.25,,5,Gyelpak,རྒྱལ་འཕགས།
1264,30.5,101.43333,,5,Kunub Monastery,སྐུ་ནུབ།
1267,33.67397,103.23426,,5,Khyangtsang,སྐྱང་ཚང་དགོན་པ་།
1270,27.542676,89.625086,,5,Dechenpuk,བདེ་ཆེན་ཕུག།
1274,37.28333,103.16666,,5,Zhamar,ཞྭ་དམར།
1276,28.9,88.01667,,5,Nedruk Lhakhang,ས་སྐྱ་གནས་དྲུག་ལྷ་ཁང།
1277,31.1,100.3,,5,Zhiwa Gon,ཞི་བ་དགོན།
1281,29.90276,91.22853,,5,Drayab,བྲག་རྒྱབ།
1282,32.80302,101.85788,,5,Drokge,འབྲོག་དགེ།
1286,29.454492,90.182521,,5,Zangri,བཟང་རི།
1288,28.485,92.29427,,5,Kharteng,མཁར་སྟེང་།
1292,28.03333,86.33334,,5,Chuwar Monastery,ཆུ་དབར་དགོན།
1294,29.92658,91.60416,,5,Lo Monastery,ལོ་དགོན།
1295,47.98255,106.9377167,,5,Dambadarjaa Monastery,བསྟན་པ་དར་རྒྱས་གླིང།
1298,29.65194,91.13318,,5,Surkhang Printery,ཟུར་ཁང་པར་ཁང།
1300,29.69677,91.13249,,5,Zhungpa Khamtsen,གཞུང་པ་ཁམས་ཚན་།
1302,29.5,94.61667,,5,Demo,དེ་མོ།
1303,29.43087,91.00767,,5,Gangri Tokar,གངས་རི་ཐོད་དཀར།
1305,33.50504,76.81025,,5,Sani,ས་ནི།
1312,32.116078,77.167735,,5,Roerich House,གཟིམས་ཤག་རོ་རིག།
1313,32.33333,98.36667,,5,Dzonggo,རྫོང་མགོ།
1315,29.69857,91.13258,,5,Lhopa Khamtsen,ལྷོ་པ་ཁམས་ཚན།
1316,31.75,100.4,,5,Khordong,འཁོར་གདོང་།
1317,29.54616,90.93771,,5,Nyetang Mokchok,རྨོག་ལྕོག་རི་ཁྲོད།
1318,31.95,100.26667,,5,Zhichen Monastery,གཞི་ཆེན།
1320,32.51672,100.70115,,5,Shukjung,ཤུགས་འབྱུང་།
1322,29.45,99.36667,,5,Batang Drubgon,འབའ་ཐང་གྲུབ་དགོན།
1323,30.05,101.96667,,5,Do Dorje Drak,མདོ་རྡོ་རྗེ་བྲག།
1327,29.65146,91.13383,,5,Nyarongsha School,ནང་རོང་ཤག།
1329,29.13333,88.71667,,5,Chumik,ཆུ་མིག།
1330,29.91667,95.46667,,5,Bakha,རྦ་ཁ།
1334,36.331493,102.017741,,5,Anja Ritro,ཨན་ཇ་རི་ཁྲོད།